name,color,rarity,number_seen,alsa,number_picked,ata,number_gp,percent_gp,gp_wr,number_oh,oh_wr,number_gd,gd_wr,number_gih,gih_wr,number_gns,gns_wr,iwd,color_group,rarity_full
Another Round,W,R,64972,6.27,7953,9.59,1690,0.036000000000000004,0.466,259,NA,402,NA,661,0.40399999999999997,1029,0.506,-10.2,Mono-color,Rare
Archangel of Tithes,W,M,9905,2.08,3697,2.15,18171,0.8270000000000001,0.539,2952,0.546,4325,0.5579999999999999,7277,0.5529999999999999,10927,0.529,2.4,Mono-color,Mythic Rare
Armored Armadillo,W,C,378941,7.89,40803,11.61,31423,0.129,0.51,5421,0.5,7265,0.508,12686,0.504,18704,0.513,-0.9,Mono-color,Common
Aven Interrupter,W,R,24080,2.42,8609,2.64,44852,0.866,0.555,7735,0.5660000000000001,10692,0.575,18427,0.5710000000000001,26391,0.5429999999999999,2.8,Mono-color,Rare
Bounding Felidar,W,U,98493,4.11,18079,5.53,86683,0.802,0.546,13034,0.536,20093,0.5539999999999999,33127,0.547,52462,0.544,0.3,Mono-color,Uncommon
Bovine Intervention,W,U,136473,6.33,12508,9.99,18372,0.249,0.507,2815,0.467,4488,0.51,7303,0.494,11046,0.516,-2.3,Mono-color,Uncommon
Bridled Bighorn,W,C,331675,5.83,45982,8.5,179586,0.6459999999999999,0.5489999999999999,29350,0.534,41113,0.542,70463,0.5379999999999999,106849,0.5539999999999999,-1.5,Mono-color,Common
Claim Jumper,W,R,27374,2.68,7264,3.14,37100,0.857,0.541,6654,0.537,8627,0.5479999999999999,15281,0.5429999999999999,21825,0.54,0.3,Mono-color,Rare
Dust Animus,W,R,13874,1.48,10422,1.47,61258,0.951,0.5670000000000001,10868,0.602,15325,0.615,26193,0.61,35091,0.536,7.3,Mono-color,Rare
Eriette's Lullaby,W,C,328024,5.7,40155,8.6,128460,0.536,0.531,21713,0.507,31308,0.545,53021,0.529,75256,0.532,-0.3,Mono-color,Common
Final Showdown,W,M,7883,1.73,4754,1.7,25195,0.866,0.563,4115,0.5770000000000001,6351,0.62,10466,0.603,14685,0.535,6.8,Mono-color,Mythic Rare
"Fortune, Loyal Steed",W,R,19736,2.03,9194,2.12,50984,0.9179999999999999,0.5579999999999999,9058,0.58,12137,0.5720000000000001,21195,0.575,29077,0.5429999999999999,3.2,Mono-color,Rare
Frontier Seeker,W,U,90392,3.75,23474,4.61,123372,0.858,0.568,22249,0.586,28002,0.565,50251,0.574,73064,0.563,1,Mono-color,Uncommon
Getaway Glamer,W,U,97479,4.05,25220,4.92,130368,0.843,0.5660000000000001,21538,0.564,32006,0.597,53544,0.584,76650,0.5529999999999999,3.1,Mono-color,Uncommon
High Noon,W,R,58999,5.77,6611,9.04,3171,0.081,0.49,503,0.461,729,0.495,1232,0.48100000000000004,1936,0.495,-1.4,Mono-color,Rare
Holy Cow,W,C,289990,4.75,49011,6.66,249507,0.838,0.557,43607,0.5579999999999999,58873,0.573,102480,0.5670000000000001,146944,0.55,1.7,Mono-color,Common
Inventive Wingsmith,W,C,375189,7.58,42227,11.13,45954,0.182,0.517,7758,0.499,11016,0.512,18774,0.507,27178,0.524,-1.7,Mono-color,Common
Lassoed by the Law,W,U,58974,2.54,26566,2.8,152891,0.932,0.5720000000000001,25793,0.586,37625,0.622,63418,0.607,89298,0.547,6,Mono-color,Uncommon
Mystical Tether,W,C,212079,3.49,57457,4.38,319723,0.9179999999999999,0.556,54337,0.55,77557,0.58,131894,0.568,187531,0.547,2.1,Mono-color,Common
Nurturing Pixie,W,U,129524,5.52,18152,7.97,57355,0.527,0.544,9625,0.528,13399,0.5539999999999999,23024,0.5429999999999999,34330,0.545,-0.2,Mono-color,Uncommon
Omenport Vigilante,W,U,113567,4.74,19058,6.53,82761,0.7240000000000001,0.545,14560,0.556,18706,0.532,33266,0.5429999999999999,49496,0.546,-0.3,Mono-color,Uncommon
One Last Job,W,R,36105,3.48,7315,4.41,29444,0.675,0.545,4587,0.513,6904,0.5670000000000001,11491,0.546,17921,0.545,0.1,Mono-color,Rare
Outlaw Medic,W,C,336522,5.92,48537,8.51,179405,0.616,0.545,31986,0.5529999999999999,41976,0.5489999999999999,73962,0.551,105321,0.541,1,Mono-color,Common
Prairie Dog,W,U,71725,3.01,21514,3.57,116267,0.895,0.555,21162,0.585,27199,0.555,48361,0.568,67991,0.545,2.3,Mono-color,Uncommon
Prosperity Tycoon,W,U,98439,4,24601,5,126607,0.84,0.565,21089,0.57,30297,0.583,51386,0.578,75233,0.557,2.1,Mono-color,Uncommon
Requisition Raid,W,U,126226,5.46,15555,8.09,43136,0.46,0.539,6697,0.515,9968,0.552,16665,0.537,26459,0.54,-0.3,Mono-color,Uncommon
Rustler Rampage,W,U,146497,6.94,15722,10.49,15260,0.162,0.526,2282,0.5,3489,0.527,5771,0.517,9489,0.531,-1.5,Mono-color,Uncommon
Shepherd of the Clouds,W,U,61962,2.69,25240,3.01,143676,0.9279999999999999,0.565,23211,0.565,35196,0.609,58407,0.591,84941,0.547,4.4,Mono-color,Uncommon
Sheriff of Safe Passage,W,U,124386,5.42,14651,8.01,44523,0.512,0.529,7583,0.517,10191,0.53,17774,0.524,26762,0.5329999999999999,-0.9,Mono-color,Uncommon
Stagecoach Security,W,C,357862,6.61,47941,9.58,144097,0.498,0.552,22488,0.539,33558,0.563,56046,0.5529999999999999,88095,0.552,0.1,Mono-color,Common
Steer Clear,W,C,354512,6.56,45599,9.58,117225,0.42700000000000005,0.545,19162,0.529,26771,0.539,45933,0.535,71196,0.552,-1.8,Mono-color,Common
Sterling Keykeeper,W,C,341844,6.05,53317,8.55,223117,0.69,0.556,39202,0.552,50610,0.555,89812,0.5539999999999999,133220,0.557,-0.3,Mono-color,Common
Sterling Supplier,W,C,352645,6.48,51759,9.21,176839,0.564,0.557,27426,0.546,41959,0.573,69385,0.562,107489,0.5539999999999999,0.8,Mono-color,Common
Take Up the Shield,W,C,319300,5.48,57831,7.46,262320,0.7440000000000001,0.562,42044,0.557,61125,0.584,103169,0.573,158943,0.555,1.9,Mono-color,Common
Thunder Lasso,W,U,132166,5.92,16921,8.62,45532,0.45,0.54,7211,0.521,10398,0.541,17609,0.5329999999999999,27834,0.5429999999999999,-1,Mono-color,Uncommon
Trained Arynx,W,C,263522,4.46,62231,5.61,336000,0.878,0.5660000000000001,60535,0.596,74395,0.551,134930,0.5710000000000001,196988,0.562,0.9,Mono-color,Common
Vengeful Townsfolk,W,C,348332,6.32,43593,9.32,139491,0.532,0.547,24102,0.544,31895,0.54,55997,0.542,83569,0.551,-0.9,Mono-color,Common
Wanted Griffin,W,C,356425,6.56,44273,9.66,119312,0.44799999999999995,0.547,19303,0.5329999999999999,28184,0.556,47487,0.547,71930,0.547,0,Mono-color,Common
Archmage's Newt,U,R,40883,3.87,7097,5.2,27239,0.669,0.509,4730,0.524,7236,0.516,11966,0.519,15148,0.501,1.9,Mono-color,Rare
Canyon Crab,U,U,117914,5.02,22442,6.63,97240,0.743,0.523,17330,0.535,26353,0.544,43683,0.541,53245,0.508,3.3,Mono-color,Uncommon
Daring Thunder-Thief,U,C,378592,7.92,44121,11.41,49733,0.193,0.49700000000000005,8055,0.484,13391,0.518,21446,0.505,28200,0.49,1.5,Mono-color,Common
Deepmuck Desperado,U,U,113131,5,20286,6.61,77882,0.67,0.505,13798,0.495,21874,0.536,35672,0.52,42053,0.491,2.9,Mono-color,Uncommon
Djinn of Fool's Fall,U,C,368647,7.33,41988,10.76,76657,0.316,0.491,12394,0.478,20750,0.515,33144,0.501,43414,0.48200000000000004,1.9,Mono-color,Common
Double Down,U,M,15478,3.38,3900,3.66,12722,0.5670000000000001,0.508,2183,0.546,3392,0.535,5575,0.539,7049,0.48200000000000004,5.7,Mono-color,Mythic Rare
Duelist of the Mind,U,R,25707,2.58,9636,2.76,49819,0.873,0.537,8844,0.588,13856,0.5720000000000001,22700,0.578,27004,0.501,7.7,Mono-color,Rare
Emergent Haunting,U,U,122262,5.33,20883,7.07,75904,0.629,0.51,13436,0.525,20927,0.516,34363,0.52,41427,0.501,1.8,Mono-color,Uncommon
Failed Fording,U,C,368456,7.29,48270,10.44,108353,0.384,0.51,18116,0.493,30250,0.551,48366,0.529,59526,0.494,3.5,Mono-color,Common
"Fblthp, Lost on the Range",U,R,34718,3.5,6516,4.3,25220,0.688,0.484,4208,0.451,7107,0.494,11315,0.478,13815,0.48700000000000004,-0.9,Mono-color,Rare
Fleeting Reflection,U,U,152171,7.65,16539,11.35,9004,0.09300000000000001,0.47,1387,0.442,2440,0.502,3827,0.48,5139,0.461,1.9,Mono-color,Uncommon
"Geralf, the Fleshwright",U,M,7945,1.71,4497,1.67,23675,0.892,0.529,4094,0.556,6574,0.5720000000000001,10668,0.5660000000000001,12924,0.498,6.8,Mono-color,Mythic Rare
Geyser Drake,U,C,341408,6.42,41360,9.34,123167,0.517,0.503,21331,0.493,33145,0.526,54476,0.513,68479,0.495,1.8,Mono-color,Common
Harrier Strix,U,C,369025,7.53,41001,10.99,66453,0.28,0.499,11440,0.501,17686,0.536,29126,0.522,37161,0.48,4.2,Mono-color,Common
Jailbreak Scheme,U,C,368478,7.19,55030,10,146258,0.45,0.5329999999999999,24124,0.516,40758,0.578,64882,0.555,80643,0.513,4.2,Mono-color,Common
The Key to the Vault,U,R,50541,5.1,5652,7.87,6020,0.18600000000000003,0.45899999999999996,998,0.414,1546,0.46,2544,0.442,3441,0.47100000000000003,-3,Mono-color,Rare
Loan Shark,U,C,320957,5.62,48319,7.95,203769,0.722,0.52,33876,0.517,56909,0.551,90785,0.5379999999999999,112544,0.505,3.3,Mono-color,Common
Marauding Sphinx,U,U,80177,3.41,22345,4.01,113998,0.862,0.536,18530,0.55,32461,0.586,50991,0.573,62701,0.504,6.9,Mono-color,Uncommon
Metamorphic Blast,U,U,121983,5.19,20949,7.05,87412,0.7070000000000001,0.53,14286,0.517,24590,0.5770000000000001,38876,0.555,48108,0.507,4.8,Mono-color,Uncommon
Nimble Brigand,U,U,95272,4.02,20420,5.04,97537,0.825,0.517,17022,0.53,26748,0.541,43770,0.537,53606,0.501,3.6,Mono-color,Uncommon
Outlaw Stitcher,U,U,89666,3.79,22030,4.66,106421,0.835,0.516,17446,0.512,29220,0.55,46666,0.536,59448,0.499,3.7,Mono-color,Uncommon
Peerless Ropemaster,U,C,380342,7.98,45511,11.47,55228,0.20600000000000002,0.522,8576,0.515,15428,0.555,24004,0.541,31127,0.506,3.5,Mono-color,Common
Phantom Interference,U,C,332591,5.97,51025,8.33,200300,0.669,0.53,34741,0.5429999999999999,55135,0.57,89876,0.56,109510,0.505,5.5,Mono-color,Common
Plan the Heist,U,U,132575,5.82,21421,8,73306,0.578,0.535,11953,0.527,20463,0.58,32416,0.561,40704,0.514,4.6,Mono-color,Uncommon
Razzle-Dazzler,U,C,352470,6.99,42875,10.01,103167,0.419,0.49200000000000005,18045,0.48700000000000004,28052,0.513,46097,0.503,56873,0.483,2,Mono-color,Common
Seize the Secrets,U,C,366759,7.22,45986,10.45,94563,0.353,0.513,16164,0.503,26103,0.5479999999999999,42267,0.531,52061,0.49700000000000005,3.4,Mono-color,Common
Shackle Slinger,U,U,136667,6.32,15585,9.28,31616,0.354,0.48200000000000004,5294,0.473,8534,0.514,13828,0.498,17742,0.469,2.9,Mono-color,Uncommon
Shifting Grift,U,U,151828,7.68,16357,11.42,6796,0.071,0.46299999999999997,1073,0.435,1881,0.48200000000000004,2954,0.465,3822,0.46,0.4,Mono-color,Uncommon
Slickshot Lockpicker,U,U,91622,3.8,24241,4.64,121889,0.858,0.528,20427,0.504,34508,0.5820000000000001,54935,0.5529999999999999,66343,0.505,4.8,Mono-color,Uncommon
Slickshot Vault-Buster,U,C,381430,8.24,44259,11.75,41871,0.162,0.485,7082,0.465,11367,0.499,18449,0.486,23331,0.484,0.2,Mono-color,Common
Spring Splasher,U,C,372341,7.64,45247,10.89,80879,0.308,0.489,14029,0.498,21341,0.49700000000000005,35370,0.49700000000000005,45298,0.48200000000000004,1.5,Mono-color,Common
Step Between Worlds,U,R,65109,6.28,7932,9.6,1622,0.035,0.45299999999999996,249,NA,458,NA,707,0.47,910,0.43799999999999994,3.1,Mono-color,Rare
Stoic Sphinx,U,R,18792,1.96,9710,1.97,52534,0.9,0.547,8850,0.588,14691,0.603,23541,0.598,28638,0.505,9.3,Mono-color,Rare
Stop Cold,U,C,350340,6.6,44218,9.63,129171,0.501,0.512,20736,0.479,35782,0.5579999999999999,56518,0.529,72223,0.49700000000000005,3.2,Mono-color,Common
Take the Fall,U,C,358754,6.87,57490,9.4,188732,0.557,0.528,32057,0.522,53244,0.5720000000000001,85301,0.5529999999999999,102657,0.507,4.6,Mono-color,Common
This Town Ain't Big Enough,U,U,124728,5.33,22857,7.18,89917,0.6779999999999999,0.518,14132,0.493,25300,0.564,39432,0.539,50115,0.499,4,Mono-color,Uncommon
Three Steps Ahead,U,R,26198,2.62,8939,2.86,45502,0.856,0.535,7502,0.536,12970,0.605,20472,0.58,24751,0.496,8.4,Mono-color,Rare
Visage Bandit,U,U,117397,4.96,19900,6.78,77894,0.675,0.513,12879,0.499,21291,0.539,34170,0.524,43543,0.503,2.1,Mono-color,Uncommon
Ambush Gigapede,B,C,353374,6.5,56899,9.1,200806,0.5920000000000001,0.54,30291,0.5329999999999999,52538,0.579,82829,0.562,117417,0.524,3.8,Mono-color,Common
Binding Negotiation,B,U,132915,5.75,20988,8.11,68357,0.55,0.529,11737,0.537,17722,0.55,29459,0.545,38747,0.517,2.8,Mono-color,Uncommon
Blacksnag Buzzard,B,C,363578,6.95,43255,10.27,84771,0.33299999999999996,0.512,14682,0.493,20866,0.515,35548,0.506,49187,0.516,-1.1,Mono-color,Common
Blood Hustler,B,U,68007,2.89,21753,3.37,118753,0.922,0.537,21364,0.544,30906,0.5670000000000001,52270,0.557,66373,0.52,3.7,Mono-color,Uncommon
Boneyard Desecrator,B,C,367330,7.2,42498,10.67,70359,0.282,0.507,11199,0.488,17390,0.524,28589,0.51,41807,0.505,0.5,Mono-color,Common
Caustic Bronco,B,R,17915,1.86,10427,1.9,57595,0.922,0.547,10417,0.629,14553,0.556,24970,0.586,32374,0.516,7,Mono-color,Rare
Consuming Ashes,B,C,215823,3.69,62012,4.44,336563,0.903,0.5479999999999999,55213,0.544,88623,0.595,143836,0.5760000000000001,191590,0.527,4.9,Mono-color,Common
Corrupted Conviction,B,C,379949,7.88,45097,11.41,48070,0.18,0.523,7732,0.518,11787,0.526,19519,0.523,28511,0.522,0.1,Mono-color,Common
Desert's Due,B,C,238050,3.96,67050,4.89,360607,0.892,0.5489999999999999,62614,0.55,94121,0.589,156735,0.573,202620,0.529,4.4,Mono-color,Common
Desperate Bloodseeker,B,C,290396,4.78,63609,6.36,331861,0.871,0.547,59135,0.5660000000000001,83850,0.565,142985,0.565,188453,0.5329999999999999,3.3,Mono-color,Common
Fake Your Own Death,B,C,370513,7.23,50207,10.41,98338,0.33,0.5329999999999999,15602,0.532,24519,0.56,40121,0.5489999999999999,58048,0.521,2.8,Mono-color,Common
Forsaken Miner,B,U,108675,4.54,17568,6.24,77265,0.7440000000000001,0.531,13825,0.581,18345,0.514,32170,0.5429999999999999,45052,0.522,2.1,Mono-color,Uncommon
"Gisa, the Hellraiser",B,M,5919,1.27,4769,1.25,27287,0.9420000000000001,0.555,4658,0.599,7184,0.623,11842,0.614,14970,0.506,10.8,Mono-color,Mythic Rare
Hollow Marauder,B,U,74799,3.24,29184,3.59,162523,0.914,0.5579999999999999,25813,0.5539999999999999,42525,0.615,68338,0.5920000000000001,93265,0.532,6,Mono-color,Uncommon
Insatiable Avarice,B,R,43886,4.18,5875,6.08,15178,0.44299999999999995,0.517,2484,0.484,3915,0.56,6399,0.531,8737,0.506,2.4,Mono-color,Rare
"Kaervek, the Punisher",B,R,22252,2.29,8225,2.43,41414,0.873,0.514,7049,0.493,10720,0.53,17769,0.515,23513,0.512,0.3,Mono-color,Rare
Lively Dirge,B,U,123651,5.28,22007,7.19,78921,0.6,0.542,12626,0.523,20140,0.583,32766,0.56,45908,0.529,3.1,Mono-color,Uncommon
Mourner's Surprise,B,C,338709,5.96,63395,8.12,254275,0.6679999999999999,0.547,40931,0.527,64792,0.583,105723,0.561,148036,0.537,2.4,Mono-color,Common
Neutralize the Guards,B,U,151578,7.31,18179,10.73,14915,0.139,0.508,2489,0.5,3702,0.539,6191,0.523,8695,0.496,2.7,Mono-color,Uncommon
Nezumi Linkbreaker,B,C,361443,6.93,47833,9.97,119461,0.42100000000000004,0.536,20868,0.556,29107,0.5429999999999999,49975,0.5489999999999999,69419,0.527,2.2,Mono-color,Common
Overzealous Muscle,B,C,375020,7.56,44190,11.09,68613,0.264,0.5,10503,0.474,17546,0.51,28049,0.496,40596,0.502,-0.6,Mono-color,Common
Pitiless Carnage,B,R,63645,6.12,7536,9.46,2074,0.046,0.466,329,NA,533,0.475,862,0.451,1209,0.47600000000000003,-2.5,Mono-color,Rare
Rakish Crew,B,U,119443,5.28,17218,7.35,53276,0.535,0.507,9048,0.47700000000000004,13145,0.53,22193,0.508,31015,0.507,0.2,Mono-color,Uncommon
Rattleback Apothecary,B,U,93847,3.83,18297,5.09,92637,0.86,0.531,16069,0.524,23529,0.556,39598,0.5429999999999999,53003,0.523,2,Mono-color,Uncommon
Raven of Fell Omens,B,C,301976,5.15,49430,7.27,222604,0.767,0.526,39585,0.528,57045,0.546,96630,0.539,125649,0.516,2.2,Mono-color,Common
Rictus Robber,B,U,96169,3.91,22179,5.08,112754,0.861,0.534,19183,0.534,28609,0.5529999999999999,47792,0.546,64851,0.526,2,Mono-color,Uncommon
Rooftop Assassin,B,C,334855,5.83,48026,8.53,189468,0.667,0.532,30333,0.523,48652,0.5660000000000001,78985,0.55,110260,0.519,3.1,Mono-color,Common
Rush of Dread,B,R,22247,2.31,10410,2.37,55866,0.8909999999999999,0.55,9184,0.552,14552,0.622,23736,0.595,31709,0.514,8,Mono-color,Rare
Servant of the Stinger,B,U,92471,3.69,23414,4.65,125022,0.893,0.546,22158,0.561,31914,0.5660000000000001,54072,0.564,70796,0.531,3.3,Mono-color,Uncommon
Shoot the Sheriff,B,U,73311,3.07,23174,3.61,126811,0.9129999999999999,0.546,22185,0.5479999999999999,32973,0.594,55158,0.575,71215,0.522,5.4,Mono-color,Uncommon
Skulduggery,B,C,350389,6.36,52709,9.03,160075,0.516,0.522,26333,0.513,40185,0.542,66518,0.531,93273,0.515,1.6,Mono-color,Common
Tinybones Joins Up,B,R,53810,5.2,5873,8.18,4653,0.135,0.479,775,0.462,1178,0.49700000000000005,1953,0.483,2688,0.475,0.8,Mono-color,Rare
"Tinybones, the Pickpocket",B,M,9825,2,3803,2.13,19499,0.875,0.535,3389,0.5710000000000001,4981,0.552,8370,0.56,11084,0.516,4.4,Mono-color,Mythic Rare
Treasure Dredger,B,U,113778,4.66,20780,6.41,96895,0.7929999999999999,0.524,17522,0.537,24213,0.527,41735,0.531,55051,0.519,1.2,Mono-color,Uncommon
Unfortunate Accident,B,U,75637,3.12,24182,3.66,131838,0.907,0.545,21964,0.536,34558,0.59,56522,0.569,74866,0.525,4.4,Mono-color,Uncommon
Unscrupulous Contractor,B,U,106060,4.33,20080,5.89,93311,0.787,0.531,15952,0.517,23509,0.5579999999999999,39461,0.541,53683,0.524,1.7,Mono-color,Uncommon
"Vadmir, New Blood",B,R,17258,1.8,9641,1.84,53753,0.9329999999999999,0.545,9657,0.599,13943,0.5660000000000001,23600,0.579,30135,0.517,6.2,Mono-color,Rare
Vault Plunderer,B,C,263643,4.3,63725,5.57,346712,0.9009999999999999,0.552,61585,0.563,89025,0.58,150610,0.573,195586,0.535,3.8,Mono-color,Common
Brimstone Roundup,R,U,136221,6.39,15471,9.37,26168,0.293,0.48200000000000004,4456,0.46399999999999997,6816,0.488,11272,0.479,14861,0.483,-0.5,Mono-color,Uncommon
"Calamity, Galloping Inferno",R,R,15262,1.64,8614,1.63,46075,0.904,0.534,7529,0.5329999999999999,10945,0.564,18474,0.551,27128,0.52,3.2,Mono-color,Rare
Caught in the Crossfire,R,U,141966,6.63,14837,9.95,18538,0.214,0.496,2944,0.465,4485,0.499,7429,0.485,11080,0.503,-1.8,Mono-color,Uncommon
Cunning Coyote,R,U,105051,4.32,18646,5.71,88402,0.7979999999999999,0.5379999999999999,15708,0.5529999999999999,20162,0.537,35870,0.544,52484,0.5329999999999999,1.1,Mono-color,Uncommon
Deadeye Duelist,R,C,325946,5.79,40978,8.3,158103,0.6629999999999999,0.512,27959,0.504,37340,0.515,65299,0.511,92626,0.512,-0.1,Mono-color,Common
Demonic Ruckus,R,U,130005,5.64,16332,8.11,50369,0.527,0.527,8531,0.534,11488,0.523,20019,0.528,30328,0.526,0.2,Mono-color,Uncommon
Discerning Peddler,R,C,350005,6.45,43830,9.22,160549,0.616,0.535,28540,0.542,36959,0.529,65499,0.535,94970,0.534,0.1,Mono-color,Common
Explosive Derailment,R,C,260730,4.28,47085,5.77,238217,0.8540000000000001,0.535,40091,0.524,57562,0.5579999999999999,97653,0.544,140159,0.528,1.6,Mono-color,Common
Ferocification,R,U,137895,6.51,13941,9.88,20791,0.254,0.512,3348,0.48700000000000004,4680,0.51,8028,0.501,12760,0.519,-1.8,Mono-color,Uncommon
Gila Courser,R,U,106504,4.39,19000,5.84,87913,0.779,0.535,15401,0.5329999999999999,20124,0.532,35525,0.532,52116,0.536,-0.4,Mono-color,Uncommon
Great Train Heist,R,R,29332,2.95,6903,3.41,30551,0.758,0.523,4668,0.515,7053,0.552,11721,0.537,18780,0.514,2.4,Mono-color,Rare
Hell to Pay,R,R,30048,2.92,6532,3.49,31534,0.8320000000000001,0.513,5334,0.489,7546,0.5329999999999999,12880,0.515,18582,0.512,0.3,Mono-color,Rare
Hellspur Brute,R,U,106273,4.47,16648,6.02,76339,0.775,0.529,12359,0.534,18047,0.544,30406,0.54,45990,0.522,1.8,Mono-color,Uncommon
Hellspur Posse Boss,R,R,17942,1.91,8912,1.92,48308,0.8859999999999999,0.5579999999999999,8233,0.606,11549,0.616,19782,0.612,28381,0.52,9.2,Mono-color,Rare
Highway Robbery,R,C,371604,7.38,45939,10.58,96376,0.35600000000000004,0.522,16824,0.499,23639,0.534,40463,0.519,55806,0.524,-0.4,Mono-color,Common
Irascible Wolverine,R,C,338276,6.02,46088,8.55,165775,0.609,0.527,28501,0.51,39487,0.53,67988,0.521,97691,0.531,-1,Mono-color,Common
Iron-Fist Pulverizer,R,C,368777,7.29,39579,10.77,68810,0.295,0.512,10722,0.494,17509,0.532,28231,0.518,40641,0.508,1,Mono-color,Common
Longhorn Sharpshooter,R,U,74546,3.06,20343,3.72,109403,0.8959999999999999,0.544,18713,0.556,26431,0.573,45144,0.5660000000000001,64101,0.528,3.8,Mono-color,Uncommon
"Magda, the Hoardmaster",R,R,17415,1.8,8217,1.84,43900,0.909,0.527,7926,0.5660000000000001,10757,0.54,18683,0.551,25170,0.51,4.1,Mono-color,Rare
Magebane Lizard,R,U,150633,7.48,14682,11.35,8023,0.09300000000000001,0.494,1378,0.455,1808,0.46799999999999997,3186,0.462,4837,0.514,-5.2,Mono-color,Uncommon
Mine Raider,R,C,346794,6.34,40297,9.26,128139,0.541,0.517,21833,0.508,29854,0.517,51687,0.514,76368,0.519,-0.6,Mono-color,Common
Outlaws' Fury,R,C,382144,8.24,41983,11.82,38944,0.157,0.523,5955,0.502,8650,0.53,14605,0.519,24323,0.526,-0.7,Mono-color,Common
Prickly Pair,R,C,297569,5.02,49573,6.8,236591,0.8009999999999999,0.5379999999999999,41200,0.544,54694,0.541,95894,0.542,140531,0.536,0.6,Mono-color,Common
Quick Draw,R,C,382205,8.29,39461,12.06,24060,0.10300000000000001,0.508,3701,0.485,5457,0.501,9158,0.495,14877,0.515,-2.1,Mono-color,Common
Quilled Charger,R,C,365573,7,41594,10.27,95807,0.391,0.523,15653,0.508,21441,0.514,37094,0.511,58395,0.53,-1.8,Mono-color,Common
Reckless Lackey,R,C,352391,6.72,37153,9.86,98937,0.455,0.521,17431,0.541,22439,0.506,39870,0.521,59008,0.521,0.1,Mono-color,Common
Resilient Roadrunner,R,U,121706,5.13,17774,7.13,71860,0.6829999999999999,0.5329999999999999,12630,0.539,16430,0.529,29060,0.5329999999999999,42796,0.532,0.1,Mono-color,Uncommon
Return the Favor,R,U,146266,7.03,15950,10.42,17703,0.19,0.496,2705,0.46399999999999997,4206,0.5,6911,0.486,10761,0.502,-1.6,Mono-color,Uncommon
Rodeo Pyromancers,R,C,368966,7.61,34825,11.48,32759,0.161,0.48,5163,0.479,8180,0.479,13343,0.479,19432,0.48100000000000004,-0.2,Mono-color,Common
Scalestorm Summoner,R,U,91651,3.81,17919,4.91,85602,0.797,0.544,14849,0.574,19318,0.537,34167,0.5529999999999999,51474,0.5379999999999999,1.5,Mono-color,Uncommon
Scorching Shot,R,U,91829,3.79,17431,4.93,87452,0.845,0.535,14485,0.528,20831,0.555,35316,0.544,52028,0.529,1.5,Mono-color,Uncommon
Slickshot Show-Off,R,R,24650,2.53,6188,2.75,28188,0.789,0.512,5030,0.523,6856,0.516,11886,0.519,16273,0.508,1.1,Mono-color,Rare
Stingerback Terror,R,R,15980,1.67,9046,1.67,50877,0.9309999999999999,0.55,8871,0.575,12482,0.598,21353,0.589,29393,0.521,6.8,Mono-color,Rare
Take for a Ride,R,U,143619,6.61,18081,9.57,31777,0.301,0.512,4941,0.491,7414,0.525,12355,0.512,19372,0.512,0,Mono-color,Uncommon
Terror of the Peaks,R,M,5974,1.27,4546,1.25,25138,0.927,0.5429999999999999,4192,0.58,6191,0.608,10383,0.597,14607,0.503,9.4,Mono-color,Mythic Rare
Thunder Salvo,R,C,302605,5.15,43732,7.24,187361,0.7290000000000001,0.525,31982,0.521,45230,0.5379999999999999,77212,0.531,109825,0.521,1,Mono-color,Common
Trick Shot,R,C,369436,7.28,40555,10.72,64903,0.271,0.515,9862,0.49200000000000005,15565,0.536,25427,0.519,39399,0.512,0.6,Mono-color,Common
Aloe Alchemist,G,U,71857,2.94,24489,3.51,139522,0.934,0.561,24690,0.5760000000000001,32079,0.574,56769,0.575,82494,0.551,2.3,Mono-color,Uncommon
Ankle Biter,G,C,339925,5.97,47369,8.79,175803,0.617,0.542,30629,0.5479999999999999,40520,0.53,71149,0.5379999999999999,104164,0.545,-0.6,Mono-color,Common
Beastbond Outcaster,G,U,73821,3.06,25241,3.61,143474,0.9279999999999999,0.5670000000000001,25154,0.591,33415,0.579,58569,0.584,84659,0.555,2.9,Mono-color,Uncommon
Betrayal at the Vault,G,U,113677,4.67,23076,6.22,107952,0.775,0.5529999999999999,16058,0.5379999999999999,25667,0.579,41725,0.563,66022,0.546,1.7,Mono-color,Uncommon
Bristlepack Sentry,G,C,328849,5.6,59955,7.79,276091,0.759,0.5529999999999999,48758,0.5589999999999999,62011,0.5429999999999999,110769,0.55,164893,0.555,-0.5,Mono-color,Common
"Bristly Bill, Spine Sower",G,M,6057,1.28,5089,1.28,29948,0.9390000000000001,0.58,5453,0.6679999999999999,7243,0.611,12696,0.635,17175,0.5379999999999999,9.7,Mono-color,Mythic Rare
Cactarantula,G,C,230573,3.86,58606,4.94,321718,0.903,0.555,51536,0.5529999999999999,77275,0.574,128811,0.5660000000000001,192095,0.5479999999999999,1.7,Mono-color,Common
Colossal Rattlewurm,G,R,14028,1.47,10343,1.48,59891,0.943,0.5670000000000001,10339,0.604,14308,0.611,24647,0.608,34985,0.5379999999999999,7,Mono-color,Rare
Dance of the Tumbleweeds,G,C,262191,4.31,57441,5.75,297531,0.853,0.556,51461,0.541,70917,0.584,122378,0.5660000000000001,174162,0.5489999999999999,1.7,Mono-color,Common
Drover Grizzly,G,C,302824,4.99,57520,6.93,293753,0.8420000000000001,0.556,50789,0.5489999999999999,66339,0.55,117128,0.55,174270,0.5589999999999999,-0.9,Mono-color,Common
Freestrider Commando,G,C,306172,5.03,47932,7.32,218254,0.76,0.537,37368,0.527,51021,0.532,88389,0.53,129881,0.542,-1.1,Mono-color,Common
Freestrider Lookout,G,R,18095,1.85,9490,1.92,52089,0.9209999999999999,0.544,9359,0.5660000000000001,12489,0.557,21848,0.56,30195,0.532,2.9,Mono-color,Rare
Full Steam Ahead,G,U,142938,6.48,18538,9.51,38212,0.344,0.536,5629,0.512,8792,0.5589999999999999,14421,0.541,23748,0.532,0.8,Mono-color,Uncommon
Giant Beaver,G,C,254821,4.1,56120,5.55,313772,0.9209999999999999,0.555,52595,0.55,72995,0.5589999999999999,125590,0.555,185919,0.555,0,Mono-color,Common
Gold Rush,G,U,138561,5.82,19647,8.54,58674,0.5,0.5329999999999999,9341,0.513,13394,0.537,22735,0.527,35810,0.536,-0.9,Mono-color,Uncommon
Goldvein Hydra,G,M,6188,1.31,4921,1.31,28589,0.9440000000000001,0.5589999999999999,5061,0.561,6897,0.612,11958,0.59,16431,0.5329999999999999,5.7,Mono-color,Mythic Rare
Hardbristle Bandit,G,C,216982,3.53,53708,4.58,294646,0.91,0.551,53354,0.588,66771,0.531,120125,0.556,173786,0.547,0.9,Mono-color,Common
Intrepid Stablemaster,G,U,72320,2.98,22633,3.59,129153,0.932,0.5589999999999999,23176,0.594,28859,0.547,52035,0.568,76920,0.5529999999999999,1.5,Mono-color,Uncommon
Map the Frontier,G,U,140836,6.35,16528,9.59,28380,0.292,0.511,4797,0.493,6796,0.509,11593,0.502,16725,0.517,-1.5,Mono-color,Uncommon
Ornery Tumblewagg,G,R,13397,1.4,10488,1.4,62335,0.9540000000000001,0.575,11155,0.647,14796,0.609,25951,0.625,35705,0.5379999999999999,8.8,Mono-color,Rare
Outcaster Greenblade,G,U,57923,2.54,28932,2.75,165234,0.922,0.575,29871,0.611,39526,0.614,69397,0.613,95350,0.547,6.6,Mono-color,Uncommon
Outcaster Trailblazer,G,R,15800,1.65,9835,1.66,55929,0.934,0.561,10018,0.605,13133,0.583,23151,0.593,32671,0.5379999999999999,5.5,Mono-color,Rare
Patient Naturalist,G,C,276358,4.54,65697,5.95,340160,0.85,0.56,60728,0.5670000000000001,78685,0.563,139413,0.565,200139,0.556,0.9,Mono-color,Common
Railway Brawler,G,M,5809,1.23,5056,1.22,30618,0.9640000000000001,0.58,5326,0.665,7517,0.6409999999999999,12843,0.6509999999999999,17462,0.525,12.6,Mono-color,Mythic Rare
Rambling Possum,G,U,90609,3.64,22323,4.68,121143,0.9009999999999999,0.551,21148,0.546,27622,0.546,48770,0.546,71470,0.5529999999999999,-0.7,Mono-color,Uncommon
Raucous Entertainer,G,U,99138,3.98,20507,5.32,104202,0.856,0.537,18313,0.526,23580,0.524,41893,0.525,62147,0.546,-2.1,Mono-color,Uncommon
Reach for the Sky,G,C,374479,7.5,47887,10.84,67796,0.235,0.545,10460,0.5379999999999999,15643,0.562,26103,0.5529999999999999,41600,0.541,1.2,Mono-color,Common
Rise of the Varmints,G,U,127296,5.4,21525,7.39,66867,0.521,0.5329999999999999,10587,0.503,15898,0.569,26485,0.542,40185,0.527,1.6,Mono-color,Uncommon
Smuggler's Surprise,G,R,30169,2.98,8021,3.45,37921,0.787,0.552,6287,0.55,8989,0.578,15276,0.5670000000000001,22535,0.541,2.6,Mono-color,Rare
Snakeskin Veil,G,C,298300,4.95,62554,6.7,319969,0.841,0.56,51234,0.564,74425,0.5760000000000001,125659,0.5710000000000001,193480,0.5529999999999999,1.8,Mono-color,Common
Spinewoods Armadillo,G,U,54645,2.37,25887,2.62,151453,0.9470000000000001,0.5710000000000001,26462,0.6,36214,0.61,62676,0.606,88099,0.545,6.1,Mono-color,Uncommon
Spinewoods Paladin,G,C,238534,3.86,61815,5,350687,0.9329999999999999,0.557,58654,0.556,84058,0.58,142712,0.57,207531,0.5489999999999999,2.1,Mono-color,Common
Stubborn Burrowfiend,G,U,77731,3.25,28870,3.76,163606,0.92,0.5660000000000001,29710,0.595,37343,0.565,67053,0.578,95381,0.557,2.1,Mono-color,Uncommon
Throw from the Saddle,G,C,201483,3.4,68560,4.06,394270,0.934,0.5670000000000001,65786,0.575,93267,0.599,159053,0.589,234062,0.551,3.8,Mono-color,Common
Trash the Town,G,U,85430,3.48,24820,4.25,135766,0.893,0.564,22157,0.56,31880,0.596,54037,0.581,81347,0.5529999999999999,2.9,Mono-color,Uncommon
Tumbleweed Rising,G,C,341942,6.07,53059,8.66,166349,0.518,0.5529999999999999,26976,0.5479999999999999,38449,0.563,65425,0.557,100612,0.55,0.7,Mono-color,Common
Voracious Varmint,G,C,323802,5.35,55383,7.64,259905,0.7759999999999999,0.55,45368,0.5479999999999999,59140,0.544,104508,0.546,154819,0.5529999999999999,-0.7,Mono-color,Common
Akul the Unrepentant,BR,R,33586,3.41,6746,4.1,25683,0.659,0.513,4112,0.52,6371,0.546,10483,0.536,15150,0.49700000000000005,3.9,Two-color,Rare
"Annie Flash, the Veteran",WRG,M,10134,2.2,4899,2.18,25524,0.86,0.5579999999999999,4157,0.5660000000000001,5985,0.609,10142,0.5920000000000001,15266,0.535,5.6,Three-plus-color,Mythic Rare
Annie Joins Up,WRG,R,53429,5.04,7651,7.3,16593,0.364,0.535,2683,0.527,3746,0.542,6429,0.536,10144,0.535,0.1,Three-plus-color,Rare
Assimilation Aegis,WU,M,11876,2.53,4708,2.62,21648,0.778,0.536,3647,0.5429999999999999,5722,0.584,9369,0.568,12199,0.51,5.8,Two-color,Mythic Rare
At Knifepoint,BR,U,111557,5.04,17847,6.72,63553,0.623,0.5,10676,0.49700000000000005,15899,0.507,26575,0.503,36811,0.49700000000000005,0.5,Two-color,Uncommon
Badlands Revival,BG,U,100005,4.24,26853,5.21,125545,0.78,0.546,19761,0.525,31600,0.5870000000000001,51361,0.563,73549,0.534,3,Two-color,Uncommon
Baron Bertram Graywater,WB,U,115947,5.06,19067,6.96,65105,0.579,0.526,10615,0.508,16589,0.557,27204,0.5379999999999999,37935,0.518,2,Two-color,Uncommon
"Bonny Pall, Clearcutter",UG,R,14966,1.64,11113,1.58,64088,0.925,0.574,10693,0.6409999999999999,17097,0.6759999999999999,27790,0.662,35394,0.5,16.3,Two-color,Rare
"Breeches, the Blastmaker",UR,R,48183,4.78,6949,6.68,14235,0.35700000000000004,0.485,2416,0.483,3852,0.502,6268,0.495,7955,0.47600000000000003,1.8,Two-color,Rare
"Bruse Tarl, Roving Rancher",WR,R,20060,2.14,10576,2.12,57589,0.89,0.562,10001,0.602,13672,0.613,23673,0.608,33764,0.53,7.8,Two-color,Rare
Cactusfolk Sureshot,RG,U,94251,4.03,19836,5.13,91069,0.7609999999999999,0.5539999999999999,15161,0.578,20739,0.569,35900,0.573,55090,0.541,3.2,Two-color,Uncommon
Congregation Gryff,WG,U,81315,3.48,24181,4.1,128769,0.862,0.5710000000000001,22471,0.5820000000000001,29741,0.575,52212,0.578,74653,0.564,1.4,Two-color,Uncommon
"Doc Aurlock, Grizzled Genius",UG,U,124788,5.67,18426,7.81,50261,0.47,0.517,8456,0.536,12638,0.518,21094,0.526,28819,0.511,1.5,Two-color,Uncommon
"Eriette, the Beguiler",WUB,R,61046,5.8,7433,8.95,4155,0.095,0.515,687,0.47700000000000004,1156,0.569,1843,0.535,2312,0.499,3.6,Three-plus-color,Rare
"Ertha Jo, Frontier Mentor",WR,U,107909,4.61,18870,6.19,72661,0.645,0.5429999999999999,11872,0.551,16585,0.5660000000000001,28457,0.56,44215,0.532,2.7,Two-color,Uncommon
Form a Posse,WR,U,124557,5.37,18778,7.57,60784,0.545,0.531,9488,0.511,14052,0.557,23540,0.539,37187,0.525,1.3,Two-color,Uncommon
"Ghired, Mirror of the Wilds",WRG,M,18784,3.77,3295,4.93,9025,0.467,0.532,1475,0.519,1993,0.5489999999999999,3468,0.536,5552,0.529,0.7,Three-plus-color,Mythic Rare
"The Gitrog, Ravenous Ride",BG,M,7081,1.52,5085,1.49,28641,0.9279999999999999,0.556,4823,0.575,7104,0.614,11927,0.599,16247,0.52,7.8,Two-color,Mythic Rare
Honest Rutstein,BG,U,72671,3.19,26302,3.61,136815,0.857,0.556,23167,0.555,33879,0.602,57046,0.583,78881,0.535,4.8,Two-color,Uncommon
Intimidation Campaign,UB,U,105646,4.67,23192,5.78,96497,0.71,0.523,16386,0.502,26861,0.5670000000000001,43247,0.542,52480,0.505,3.8,Two-color,Uncommon
"Jem Lightfoote, Sky Explorer",WU,U,110467,4.9,17006,6.69,56964,0.583,0.503,9435,0.495,15541,0.529,24976,0.516,32015,0.493,2.3,Two-color,Uncommon
"Jolene, Plundering Pugilist",RG,U,97774,4.17,19351,5.4,85877,0.737,0.5479999999999999,14805,0.564,19505,0.5589999999999999,34310,0.561,51541,0.539,2.3,Two-color,Uncommon
"Kambal, Profiteering Mayor",WB,R,34872,3.53,7678,4.27,30488,0.6759999999999999,0.528,5131,0.5529999999999999,7609,0.557,12740,0.555,17734,0.509,4.6,Two-color,Rare
Kellan Joins Up,WUG,R,61665,5.97,7408,9.23,2253,0.052000000000000005,0.452,359,NA,581,0.43700000000000006,940,0.413,1298,0.479,-6.6,Three-plus-color,Rare
"Kellan, the Kid",WUG,M,14890,3.14,3813,3.56,13557,0.617,0.518,2327,0.54,3438,0.5589999999999999,5765,0.551,7750,0.491,6.1,Three-plus-color,Mythic Rare
"Kraum, Violent Cacophony",UR,U,110184,4.93,18101,6.52,66007,0.627,0.513,10973,0.523,18839,0.55,29812,0.54,36172,0.49,5,Two-color,Uncommon
Laughing Jasper Flint,BR,R,17116,1.84,10164,1.81,56217,0.917,0.5429999999999999,9688,0.58,14297,0.586,23985,0.583,31888,0.511,7.2,Two-color,Rare
"Lazav, Familiar Stranger",UB,U,103461,4.47,21365,5.72,90798,0.73,0.52,15470,0.517,25423,0.5539999999999999,40893,0.54,49709,0.502,3.8,Two-color,Uncommon
"Lilah, Undefeated Slickshot",UR,R,45551,4.54,7113,6.15,19021,0.46299999999999997,0.503,3262,0.518,5426,0.5329999999999999,8688,0.527,10295,0.48200000000000004,4.5,Two-color,Rare
Make Your Own Luck,UG,U,113731,4.83,24549,6.32,98154,0.6729999999999999,0.536,15954,0.531,25475,0.5660000000000001,41429,0.552,56395,0.523,2.9,Two-color,Uncommon
"Malcolm, the Eyes",UR,R,37464,3.87,7577,4.65,28057,0.635,0.519,4855,0.5579999999999999,7896,0.561,12751,0.56,15228,0.483,7.7,Two-color,Rare
"Marchesa, Dealer of Death",UBR,R,34630,3.51,8967,3.95,34845,0.672,0.508,5730,0.508,9739,0.5489999999999999,15469,0.534,19279,0.486,4.8,Three-plus-color,Rare
"Miriam, Herd Whisperer",WG,U,82473,3.64,24100,4.15,123043,0.826,0.5720000000000001,21489,0.603,27619,0.575,49108,0.5870000000000001,73878,0.562,2.5,Two-color,Uncommon
"Obeka, Splitter of Seconds",UBR,R,61555,6.02,7005,9.43,1014,0.025,0.395,159,NA,256,NA,415,NA,600,0.415,NA,Three-plus-color,Rare
"Oko, the Ringleader",UG,M,6429,1.36,4785,1.34,25708,0.905,0.5429999999999999,4308,0.573,6627,0.595,10935,0.586,14629,0.509,7.7,Two-color,Mythic Rare
Pillage the Bog,BG,R,50940,4.71,8855,6.54,26446,0.508,0.535,4418,0.508,6574,0.5760000000000001,10992,0.5489999999999999,15383,0.526,2.3,Two-color,Rare
Rakdos Joins Up,BR,R,37582,3.71,6644,4.79,22781,0.589,0.519,3607,0.498,5570,0.556,9177,0.534,13507,0.507,2.6,Two-color,Rare
"Rakdos, the Muscle",BR,M,7404,1.63,4906,1.58,27699,0.9159999999999999,0.562,4667,0.625,7248,0.649,11915,0.64,15466,0.49700000000000005,14.3,Two-color,Mythic Rare
Riku of Many Paths,URG,R,56029,5.38,7456,8,6554,0.15,0.49,1085,0.465,1800,0.512,2885,0.495,3658,0.486,0.9,Three-plus-color,Rare
"Roxanne, Starfall Savant",RG,R,15371,1.65,10676,1.62,61863,0.9279999999999999,0.574,10545,0.636,14943,0.638,25488,0.637,35897,0.528,11,Two-color,Rare
Ruthless Lawbringer,WB,U,109902,4.69,24279,5.91,103753,0.71,0.555,17199,0.5589999999999999,26224,0.598,43423,0.5820000000000001,60130,0.536,4.6,Two-color,Uncommon
"Satoru, the Infiltrator",UB,R,38864,3.89,8035,4.84,26801,0.5760000000000001,0.511,4605,0.522,7379,0.546,11984,0.537,14754,0.489,4.8,Two-color,Rare
"Selvala, Eager Trailblazer",WG,M,6919,1.47,5109,1.46,29007,0.924,0.564,4958,0.637,7032,0.61,11990,0.621,16963,0.523,9.8,Two-color,Mythic Rare
Seraphic Steed,WG,R,18896,2.06,10287,2.05,57416,0.897,0.5760000000000001,10172,0.66,13286,0.603,23458,0.628,33117,0.5379999999999999,9,Two-color,Rare
Slick Sequence,UR,U,126837,5.76,18424,7.94,58791,0.545,0.517,9875,0.523,16885,0.57,26760,0.552,31834,0.486,6.7,Two-color,Uncommon
"Taii Wakeen, Perfect Shot",WR,R,46532,4.55,7385,6.25,19760,0.45399999999999996,0.526,3453,0.537,4313,0.52,7766,0.527,12007,0.526,0.2,Two-color,Rare
"Vial Smasher, Gleeful Grenadier",BR,U,101356,4.54,17109,5.93,69973,0.701,0.519,11981,0.557,16820,0.528,28801,0.54,41123,0.504,3.6,Two-color,Uncommon
Vraska Joins Up,BG,R,57885,5.62,6624,8.82,3151,0.081,0.45799999999999996,462,NA,746,0.46399999999999997,1208,0.436,1932,0.47,-3.4,Two-color,Rare
"Vraska, the Silencer",BG,M,10774,2.26,4119,2.38,19087,0.7909999999999999,0.527,3270,0.528,4729,0.5579999999999999,7999,0.546,11028,0.513,3.3,Two-color,Mythic Rare
Wrangler of the Damned,WU,U,115190,5.11,18270,6.95,60479,0.5770000000000001,0.499,9795,0.486,16511,0.521,26306,0.508,34093,0.49200000000000005,1.6,Two-color,Uncommon
"Wylie Duke, Atiin Hero",WG,R,23066,2.41,9901,2.46,51459,0.853,0.565,9037,0.591,11753,0.601,20790,0.597,30630,0.5429999999999999,5.4,Two-color,Rare
Bandit's Haul,Colorless/Other,U,129911,5.44,22108,7.34,82856,0.632,0.53,15147,0.5329999999999999,21464,0.541,36611,0.537,46122,0.523,1.4,Colorless/Other,Uncommon
Boom Box,Colorless/Other,U,157524,7.71,17591,11.4,9248,0.08900000000000001,0.511,1469,0.478,2385,0.528,3854,0.509,5372,0.513,-0.4,Colorless/Other,Uncommon
Gold Pan,Colorless/Other,C,380819,7.59,46768,11,60891,0.218,0.525,11002,0.535,13725,0.514,24727,0.523,35979,0.526,-0.3,Colorless/Other,Common
Lavaspur Boots,Colorless/Other,U,152968,7.32,15203,11.17,10933,0.121,0.5329999999999999,1802,0.536,2412,0.507,4214,0.519,6702,0.541,-2.2,Colorless/Other,Uncommon
Luxurious Locomotive,Colorless/Other,U,153700,7.21,17438,10.76,18406,0.177,0.508,2832,0.48,4475,0.504,7307,0.495,11106,0.517,-2.3,Colorless/Other,Uncommon
Mobile Homestead,Colorless/Other,U,118895,4.77,23457,6.42,104882,0.738,0.5539999999999999,19121,0.586,23610,0.5379999999999999,42731,0.5589999999999999,62106,0.551,0.9,Colorless/Other,Uncommon
Oasis Gardener,Colorless/Other,C,354784,6.18,50857,8.99,171480,0.5670000000000001,0.532,30948,0.531,41731,0.544,72679,0.539,98417,0.526,1.2,Colorless/Other,Common
Redrock Sentinel,Colorless/Other,U,150233,6.77,23193,9.53,65552,0.473,0.539,11424,0.523,16533,0.5589999999999999,27957,0.544,37479,0.534,1,Colorless/Other,Uncommon
Silver Deputy,Colorless/Other,C,368473,6.85,46880,9.99,114152,0.414,0.512,21639,0.49200000000000005,26618,0.506,48257,0.499,65653,0.521,-2.2,Colorless/Other,Common
Sterling Hound,Colorless/Other,C,383024,7.63,54473,10.78,104287,0.321,0.534,18563,0.524,25113,0.541,43676,0.534,60445,0.534,-0.1,Colorless/Other,Common
Tomb Trawler,Colorless/Other,U,160843,8.35,20148,11.8,11059,0.09300000000000001,0.512,1883,0.46,2980,0.517,4863,0.495,6146,0.524,-2.9,Colorless/Other,Uncommon
Abraded Bluffs,Colorless/Other,C,176772,5.05,33251,7.04,155147,0.777,0.544,27832,0.562,34840,0.527,62672,0.5429999999999999,88906,0.541,0.2,Colorless/Other,Common
Arid Archway,Colorless/Other,U,144359,6.16,22924,8.68,85525,0.627,0.536,14243,0.501,19739,0.52,33982,0.512,49092,0.547,-3.5,Colorless/Other,Uncommon
Bristling Backwoods,Colorless/Other,C,165608,4.63,34202,6.4,171724,0.83,0.55,31545,0.575,37432,0.532,68977,0.551,96957,0.544,0.8,Colorless/Other,Common
Conduit Pylons,Colorless/Other,C,321231,5.08,61805,7.17,339925,0.909,0.551,62465,0.5529999999999999,79052,0.561,141517,0.557,187520,0.541,1.6,Colorless/Other,Common
Creosote Heath,Colorless/Other,C,159690,4.4,36767,5.97,199080,0.8909999999999999,0.5589999999999999,37046,0.584,42911,0.5379999999999999,79957,0.5589999999999999,112573,0.555,0.4,Colorless/Other,Common
Eroded Canyon,Colorless/Other,C,176869,5.19,33279,7.13,150543,0.767,0.529,27430,0.545,38524,0.541,65954,0.542,81734,0.514,2.9,Colorless/Other,Common
Festering Gulch,Colorless/Other,C,158838,4.45,39885,5.91,210879,0.877,0.552,38668,0.573,48540,0.5539999999999999,87208,0.562,115644,0.537,2.5,Colorless/Other,Common
Forlorn Flats,Colorless/Other,C,173535,4.9,37911,6.69,187257,0.8220000000000001,0.547,34245,0.5660000000000001,44134,0.5489999999999999,78379,0.556,104413,0.536,2,Colorless/Other,Common
Jagged Barrens,Colorless/Other,C,162632,4.61,33951,6.26,170459,0.8420000000000001,0.5379999999999999,31408,0.5579999999999999,41552,0.542,72960,0.5489999999999999,94283,0.525,2.4,Colorless/Other,Common
Lonely Arroyo,Colorless/Other,C,180671,5.26,35144,7.29,155624,0.746,0.536,28111,0.5489999999999999,38415,0.54,66526,0.5429999999999999,85417,0.525,1.8,Colorless/Other,Common
Lush Oasis,Colorless/Other,C,168011,4.79,37092,6.48,181965,0.815,0.547,33404,0.5660000000000001,43576,0.55,76980,0.557,98616,0.5329999999999999,2.4,Colorless/Other,Common
Mirage Mesa,Colorless/Other,C,284689,4.36,62331,6.05,355219,0.9490000000000001,0.546,65918,0.564,82462,0.528,148380,0.544,201711,0.546,-0.3,Colorless/Other,Common
Sandstorm Verge,Colorless/Other,U,153740,7.02,19098,10.3,49176,0.429,0.544,7964,0.54,11216,0.5479999999999999,19180,0.545,28929,0.54,0.5,Colorless/Other,Uncommon
Soured Springs,Colorless/Other,C,164645,4.72,37535,6.26,187893,0.841,0.54,34697,0.564,48132,0.555,82829,0.5589999999999999,100969,0.52,3.9,Colorless/Other,Common
Jace Reawakened,U,M,10329,2.14,3372,2.22,14541,0.765,0.494,2468,0.48200000000000004,4042,0.523,6510,0.507,7981,0.483,2.5,Mono-color,Mythic Rare
Bucolic Ranch,Colorless/Other,U,145632,6.21,23283,8.74,84212,0.594,0.5670000000000001,14524,0.5670000000000001,18054,0.5539999999999999,32578,0.56,49009,0.568,-0.8,Colorless/Other,Uncommon
Blooming Marsh,Colorless/Other,R,44765,3.81,8854,5.29,38331,0.733,0.5329999999999999,7100,0.555,8844,0.521,15944,0.536,22272,0.531,0.6,Colorless/Other,Rare
Botanical Sanctum,Colorless/Other,R,46735,4.05,8220,5.72,30863,0.642,0.527,5775,0.547,7554,0.519,13329,0.532,17302,0.523,0.9,Colorless/Other,Rare
Concealed Courtyard,Colorless/Other,R,47549,4.08,7982,5.89,30579,0.645,0.537,5702,0.56,7045,0.523,12747,0.539,17821,0.535,0.4,Colorless/Other,Rare
Inspiring Vantage,Colorless/Other,R,47483,4.1,7388,5.84,27786,0.635,0.537,5235,0.5379999999999999,6018,0.514,11253,0.525,16512,0.544,-1.9,Colorless/Other,Rare
Spirebluff Canal,Colorless/Other,R,48549,4.24,7231,6.11,24811,0.594,0.504,4517,0.535,6334,0.506,10851,0.518,13890,0.49200000000000005,2.6,Colorless/Other,Rare
Stoneforge Mystic,W,M,3888,3.67,638,4.85,1142,0.303,0.5329999999999999,184,NA,247,NA,431,NA,710,0.503,NA,Mono-color,Mythic Rare
Brazen Borrower,U,M,2074,2.1,902,2.18,4530,0.851,0.536,849,0.5760000000000001,1237,0.59,2086,0.584,2415,0.49200000000000005,9.2,Mono-color,Mythic Rare
Desertion,U,M,2778,2.72,852,3.05,4273,0.8340000000000001,0.539,720,0.5529999999999999,1195,0.5870000000000001,1915,0.574,2323,0.506,6.8,Mono-color,Mythic Rare
Morbid Opportunist,B,M,1866,1.88,939,1.97,5210,0.938,0.536,877,0.5710000000000001,1309,0.568,2186,0.569,3011,0.512,5.7,Mono-color,Mythic Rare
Port Razer,R,M,2919,2.91,435,NA,1571,0.623,0.502,239,NA,354,NA,593,0.49200000000000005,978,0.506,-1.4,Mono-color,Mythic Rare
Scapeshift,G,M,5917,5.55,697,8.57,89,0.021,NA,14,NA,30,NA,44,NA,45,NA,NA,Mono-color,Mythic Rare
Mystic Snake,UG,M,3804,3.55,787,4.48,2782,0.591,0.524,465,NA,719,0.569,1184,0.556,1571,0.498,5.7,Two-color,Mythic Rare
Notion Thief,UB,M,3823,3.55,701,4.67,1970,0.511,0.452,345,NA,538,0.494,883,0.46,1076,0.444,1.6,Two-color,Mythic Rare
Desert,Colorless/Other,M,3618,3.3,664,4.13,3131,0.802,0.534,530,0.551,727,0.575,1257,0.565,1783,0.511,5.4,Colorless/Other,Mythic Rare
Prismatic Vista,Colorless/Other,M,2730,2.48,846,2.94,4891,0.9740000000000001,0.534,926,0.525,1138,0.525,2064,0.525,2814,0.54,-1.5,Colorless/Other,Mythic Rare
Collector's Cage,W,M,6164,1.75,4014,1.76,23278,0.932,0.5770000000000001,4119,0.616,5953,0.628,10072,0.623,13165,0.541,8.3,Mono-color,Mythic Rare
Grand Abolisher,W,M,14529,3.73,2026,5.22,6127,0.516,0.521,1013,0.525,1391,0.52,2404,0.522,3725,0.521,0.1,Mono-color,Mythic Rare
Oltec Matterweaver,W,M,6184,1.79,3261,1.85,18160,0.917,0.5529999999999999,3186,0.5920000000000001,4455,0.562,7641,0.574,10514,0.537,3.7,Mono-color,Mythic Rare
Rest in Peace,W,M,23542,5.97,2807,9.29,69,0.004,NA,7,NA,13,NA,20,NA,49,NA,NA,Mono-color,Mythic Rare
Esoteric Duplicator,U,M,20456,5.21,2538,7.97,1216,0.08199999999999999,0.46,211,NA,335,NA,546,0.449,664,0.46799999999999997,-2,Mono-color,Mythic Rare
Simulacrum Synthesizer,U,M,17912,4.77,2138,7.27,961,0.076,0.46399999999999997,189,NA,276,NA,465,NA,491,NA,NA,Mono-color,Mythic Rare
Worldwalker Helm,U,M,21189,5.44,2488,8.49,542,0.037000000000000005,0.452,100,NA,133,NA,233,NA,304,NA,NA,Mono-color,Mythic Rare
Greed's Gambit,B,M,19492,4.95,2432,7.44,2567,0.17800000000000002,0.509,424,NA,665,0.52,1089,0.494,1473,0.518,-2.4,Mono-color,Mythic Rare
Harvester of Misery,B,M,5773,1.64,3689,1.67,20762,0.9279999999999999,0.557,3594,0.5770000000000001,5460,0.626,9054,0.607,11549,0.516,9.1,Mono-color,Mythic Rare
Hostile Investigator,B,M,5880,1.65,3970,1.69,23223,0.9440000000000001,0.57,4135,0.626,5936,0.621,10071,0.623,12964,0.529,9.4,Mono-color,Mythic Rare
Generous Plunderer,R,M,9228,2.46,2703,2.75,14036,0.85,0.551,2552,0.622,3253,0.5589999999999999,5805,0.5870000000000001,8227,0.525,6.1,Mono-color,Mythic Rare
Legion Extruder,R,M,11117,3,2407,3.54,9761,0.688,0.529,1655,0.516,2253,0.565,3908,0.544,5838,0.518,2.6,Mono-color,Mythic Rare
Memory Vessel,R,M,23191,5.91,2722,9.04,207,0.013000000000000001,NA,38,NA,43,NA,81,NA,126,NA,NA,Mono-color,Mythic Rare
Molten Duplication,R,M,18679,4.88,1903,7.76,1307,0.11800000000000001,0.474,187,NA,320,NA,507,0.462,798,0.48,-1.8,Mono-color,Mythic Rare
Territory Forge,R,M,22282,5.84,2560,9.04,239,0.016,NA,41,NA,59,NA,100,NA,139,NA,NA,Mono-color,Mythic Rare
Ancient Cornucopia,G,M,14046,3.66,2330,4.93,7656,0.563,0.507,1376,0.505,1839,0.504,3215,0.504,4421,0.507,-0.3,Mono-color,Mythic Rare
Bristlebud Farmer,G,M,5154,1.45,3890,1.45,22983,0.946,0.5760000000000001,3984,0.628,5648,0.62,9632,0.623,13215,0.54,8.3,Mono-color,Mythic Rare
Omenpath Journey,G,M,18328,4.74,2433,7.05,3638,0.254,0.498,614,0.47700000000000004,885,0.52,1499,0.502,2127,0.494,0.8,Mono-color,Mythic Rare
Sandstorm Salvager,G,M,5338,1.53,3738,1.56,21687,0.938,0.5710000000000001,3937,0.614,5115,0.601,9052,0.607,12553,0.544,6.3,Mono-color,Mythic Rare
Vaultborn Tyrant,G,M,4727,1.36,3691,1.36,22036,0.951,0.579,3574,0.615,5500,0.6579999999999999,9074,0.6409999999999999,12679,0.531,11,Mono-color,Mythic Rare
"Loot, the Key to Everything",URG,M,16744,4.4,2563,6.11,4384,0.294,0.508,669,0.496,1160,0.555,1829,0.534,2543,0.488,4.6,Three-plus-color,Mythic Rare
Pest Control,WB,M,21867,5.48,2609,8.56,402,0.026000000000000002,NA,72,NA,96,NA,168,NA,234,NA,NA,Two-color,Mythic Rare
Lost Jitte,Colorless/Other,M,6408,1.81,2600,1.84,14012,0.91,0.531,2508,0.56,3358,0.544,5866,0.551,8117,0.516,3.5,Colorless/Other,Mythic Rare
Lotus Ring,Colorless/Other,M,10291,2.85,2474,3.28,11515,0.787,0.539,1970,0.561,2799,0.5710000000000001,4769,0.5670000000000001,6710,0.518,4.9,Colorless/Other,Mythic Rare
Nexus of Becoming,Colorless/Other,M,7140,2.06,3793,2.08,21542,0.9390000000000001,0.552,3672,0.5670000000000001,5506,0.584,9178,0.5770000000000001,12295,0.532,4.5,Colorless/Other,Mythic Rare
Sword of Wealth and Power,Colorless/Other,M,5342,1.54,2681,1.57,14557,0.938,0.514,2481,0.513,3698,0.524,6179,0.52,8352,0.508,1.2,Colorless/Other,Mythic Rare
Torpor Orb,Colorless/Other,M,22961,5.84,2644,9.15,89,0.006,NA,21,NA,24,NA,45,NA,44,NA,NA,Colorless/Other,Mythic Rare
Transmutation Font,Colorless/Other,M,17480,4.41,2410,6.35,5177,0.374,0.496,867,0.451,1343,0.508,2210,0.486,2963,0.503,-1.8,Colorless/Other,Mythic Rare
Fomori Vault,Colorless/Other,M,22160,5.61,2636,8.72,1225,0.078,0.49700000000000005,198,NA,286,NA,484,NA,737,0.499,NA,Colorless/Other,Mythic Rare
Tarnation Vista,Colorless/Other,M,12696,3.06,2714,4.04,14542,0.909,0.528,2696,0.5489999999999999,3611,0.511,6307,0.527,8208,0.529,-0.2,Colorless/Other,Mythic Rare
Fell the Mighty,W,R,17853,3.04,4561,3.55,21432,0.79,0.5379999999999999,3417,0.526,5199,0.575,8616,0.555,12780,0.525,3,Mono-color,Rare
Fierce Retribution,W,U,96236,4.03,16183,5.58,77250,0.8,0.5379999999999999,13088,0.526,18905,0.56,31993,0.546,45157,0.532,1.4,Mono-color,Uncommon
Journey to Nowhere,W,U,58159,2.56,22024,2.92,124853,0.929,0.5589999999999999,21734,0.565,30535,0.594,52269,0.5820000000000001,72431,0.541,4.1,Mono-color,Uncommon
Leyline Binding,W,M,8490,2.86,2701,3.3,13929,0.86,0.544,2328,0.5429999999999999,3415,0.579,5743,0.564,8165,0.53,3.4,Mono-color,Mythic Rare
Pariah,W,R,32080,5.56,3416,8.81,3909,0.19399999999999998,0.502,617,0.47200000000000003,960,0.508,1577,0.494,2332,0.508,-1.4,Mono-color,Rare
Path to Exile,W,R,13353,2.32,4658,2.6,25035,0.898,0.5479999999999999,4272,0.541,6135,0.583,10407,0.5660000000000001,14573,0.536,3,Mono-color,Rare
Archive Trap,U,R,25995,4.48,5819,5.31,16643,0.49,0.524,2756,0.508,4951,0.606,7707,0.5710000000000001,8798,0.479,9.2,Mono-color,Rare
Archmage's Charm,U,R,30399,5.05,4229,7.45,8679,0.349,0.517,1373,0.513,2478,0.573,3851,0.551,4803,0.48700000000000004,6.4,Mono-color,Rare
Commandeer,U,R,34902,6,4071,9.31,1439,0.06,0.462,238,NA,407,NA,645,0.45399999999999996,789,0.469,-1.5,Mono-color,Rare
Essence Capture,U,U,124031,5.63,18746,7.8,65472,0.598,0.522,10935,0.5329999999999999,18370,0.563,29305,0.551,35846,0.49700000000000005,5.5,Mono-color,Uncommon
Mana Drain,U,M,6499,2.36,2738,2.42,13772,0.85,0.5429999999999999,2325,0.596,3861,0.595,6186,0.596,7488,0.498,9.8,Mono-color,Mythic Rare
Mindbreak Trap,U,M,16792,5.66,2063,8.7,646,0.053,0.486,90,NA,177,NA,267,NA,376,NA,NA,Mono-color,Mythic Rare
Repulse,U,U,92603,3.89,23479,4.81,120025,0.862,0.537,20915,0.536,33439,0.591,54354,0.57,65090,0.508,6.2,Mono-color,Uncommon
Heartless Pillage,B,U,129623,5.79,16778,8.62,45911,0.467,0.523,7618,0.526,12012,0.547,19630,0.539,26179,0.51,2.9,Mono-color,Uncommon
Imp's Mischief,B,R,31779,5.38,3680,8.18,5789,0.272,0.47700000000000004,908,0.441,1442,0.494,2350,0.474,3426,0.48,-0.6,Mono-color,Rare
Murder,B,U,71492,3.12,20099,3.74,108812,0.914,0.5379999999999999,18588,0.5329999999999999,28677,0.581,47265,0.562,61156,0.519,4.4,Mono-color,Uncommon
Overwhelming Forces,B,M,5812,2.23,3146,2.19,17846,0.912,0.574,2799,0.607,4838,0.674,7637,0.649,10021,0.513,13.6,Mono-color,Mythic Rare
Reanimate,B,R,13218,2.35,5275,2.52,27011,0.885,0.523,4506,0.508,7058,0.5529999999999999,11564,0.535,15320,0.513,2.2,Mono-color,Rare
Surgical Extraction,B,R,36600,6.29,4045,9.8,254,0.01,NA,39,NA,69,NA,108,NA,146,NA,NA,Mono-color,Rare
Thoughtseize,B,M,9561,3.21,1900,4.07,8171,0.7340000000000001,0.524,1452,0.539,2140,0.5489999999999999,3592,0.545,4540,0.506,3.9,Mono-color,Mythic Rare
Collective Defiance,R,R,18612,3.11,3998,3.84,19598,0.83,0.534,3083,0.535,4792,0.564,7875,0.5529999999999999,11695,0.52,3.2,Mono-color,Rare
Crackle with Power,R,M,8772,3.13,2468,3.54,11935,0.804,0.5429999999999999,1826,0.532,2994,0.607,4820,0.578,7086,0.517,6.1,Mono-color,Mythic Rare
Electrodominance,R,R,19941,3.35,3522,4.24,16198,0.785,0.521,2511,0.494,3949,0.5489999999999999,6460,0.528,9707,0.515,1.2,Mono-color,Rare
Fling,R,U,142936,6.95,15642,10.43,18015,0.196,0.511,2679,0.47600000000000003,4175,0.526,6854,0.506,11136,0.514,-0.8,Mono-color,Uncommon
Indomitable Creativity,R,M,17229,5.92,1976,9.22,275,0.023,NA,34,NA,65,NA,99,NA,176,NA,NA,Mono-color,Mythic Rare
Skewer the Critics,R,U,94566,3.95,15818,5.35,77423,0.8320000000000001,0.527,12804,0.521,18825,0.539,31629,0.532,45678,0.523,0.9,Mono-color,Uncommon
Skullcrack,R,R,32745,5.76,3187,9.08,2598,0.14,0.46299999999999997,402,NA,579,0.466,981,0.452,1615,0.469,-1.8,Mono-color,Rare
Clear Shot,G,U,65313,2.82,25596,3.26,144712,0.934,0.556,24110,0.551,34596,0.588,58706,0.573,85528,0.545,2.8,Mono-color,Uncommon
Force of Vigor,G,M,15888,5.22,1788,8.21,626,0.059000000000000004,0.486,89,NA,157,NA,246,NA,379,NA,NA,Mono-color,Mythic Rare
Pest Infestation,G,R,14023,2.43,8033,2.53,45514,0.9229999999999999,0.5660000000000001,7476,0.5770000000000001,11325,0.63,18801,0.609,26474,0.534,7.5,Mono-color,Rare
Primal Command,G,R,17802,3,5922,3.47,29348,0.826,0.5529999999999999,4620,0.5379999999999999,7100,0.595,11720,0.5720000000000001,17553,0.541,3.1,Mono-color,Rare
Primal Might,G,R,12743,2.2,6112,2.39,34567,0.9279999999999999,0.556,5578,0.5539999999999999,8327,0.595,13905,0.579,20536,0.54,3.8,Mono-color,Rare
Thornado,G,U,144440,6.7,18470,9.95,31933,0.29,0.522,5235,0.493,7357,0.506,12592,0.501,19243,0.535,-3.4,Mono-color,Uncommon
Abrupt Decay,BG,R,24419,3.95,5063,5.25,21624,0.72,0.542,3680,0.5479999999999999,5450,0.5820000000000001,9130,0.568,12396,0.523,4.5,Two-color,Rare
Anguished Unmaking,WB,M,12264,4.03,2059,5.51,7335,0.609,0.522,1205,0.515,1871,0.551,3076,0.537,4243,0.51,2.7,Two-color,Mythic Rare
Back for More,BG,U,92109,4.03,27297,4.85,129317,0.7879999999999999,0.55,20176,0.536,32552,0.5870000000000001,52728,0.5670000000000001,76079,0.536,3.1,Two-color,Uncommon
Bedevil,BR,R,26121,4.32,4022,5.99,15737,0.667,0.518,2533,0.508,3976,0.542,6509,0.529,9176,0.509,2,Two-color,Rare
Buried in the Garden,WG,U,68315,3.02,27315,3.39,148766,0.887,0.5670000000000001,25067,0.579,35614,0.606,60681,0.595,87756,0.547,4.8,Two-color,Uncommon
Crime // Punishment,WBG,M,11250,3.91,2305,5.01,8082,0.602,0.524,1242,0.525,2061,0.555,3303,0.544,4738,0.51,3.4,Three-plus-color,Mythic Rare
Cruel Ultimatum,UBR,R,26470,4.55,5857,5.48,18225,0.523,0.539,2896,0.555,5259,0.632,8155,0.604,9868,0.48,12.5,Three-plus-color,Rare
Decimate,RG,R,35597,6.39,4006,9.93,1034,0.043,0.47,157,NA,253,NA,410,NA,623,0.507,NA,Two-color,Rare
Decisive Denial,UG,U,136107,6.32,18797,9.14,46649,0.42100000000000004,0.521,7464,0.505,11954,0.552,19418,0.534,26804,0.509,2.5,Two-color,Uncommon
Detention Sphere,WU,R,24837,4.07,4872,5.23,18740,0.657,0.522,3063,0.514,5164,0.564,8227,0.545,10457,0.503,4.3,Two-color,Rare
Endless Detour,WUG,R,37821,6.37,4915,9.5,4474,0.151,0.532,732,0.541,1164,0.565,1896,0.556,2552,0.513,4.3,Three-plus-color,Rare
Fractured Identity,WU,M,5827,2.2,3330,2.18,18490,0.909,0.5589999999999999,3065,0.595,5035,0.642,8100,0.624,10275,0.507,11.8,Two-color,Mythic Rare
Hindering Light,WU,U,146490,7.49,16949,10.99,15050,0.151,0.48200000000000004,2425,0.449,4123,0.511,6548,0.488,8467,0.47700000000000004,1.1,Two-color,Uncommon
Humiliate,WB,U,142396,6.87,20576,9.66,43281,0.353,0.55,7217,0.578,10885,0.5720000000000001,18102,0.575,25141,0.531,4.3,Two-color,Uncommon
Hypothesizzle,UR,U,121964,5.54,20051,7.56,67480,0.579,0.51,10776,0.503,18536,0.5479999999999999,29312,0.531,37931,0.49200000000000005,4,Two-color,Uncommon
Ionize,UR,R,32286,5.46,4479,7.94,10292,0.391,0.509,1677,0.495,2969,0.57,4646,0.5429999999999999,5603,0.478,6.4,Two-color,Rare
"Oko, Thief of Crowns",UG,M,3342,1.3,2819,1.3,16497,0.945,0.569,2939,0.644,4237,0.638,7176,0.6409999999999999,9185,0.512,12.8,Two-color,Mythic Rare
Outlaws' Merriment,WR,R,15668,2.83,5307,3.06,26169,0.821,0.544,4372,0.597,6331,0.5660000000000001,10703,0.579,15461,0.52,5.9,Two-color,Rare
Ride Down,WR,U,138177,6.61,16140,9.74,32461,0.33799999999999997,0.536,5034,0.515,7177,0.537,12211,0.528,20242,0.541,-1.3,Two-color,Uncommon
Savage Smash,RG,U,119172,5.2,18472,7.32,68896,0.625,0.535,11064,0.512,15540,0.539,26604,0.528,42180,0.54,-1.2,Two-color,Uncommon
Siphon Insight,UB,R,25401,4.24,5139,5.55,20784,0.691,0.526,3530,0.524,5867,0.573,9397,0.5539999999999999,11308,0.502,5.2,Two-color,Rare
Terminal Agony,BR,U,124825,5.62,16763,8.15,54500,0.5539999999999999,0.52,8783,0.503,13945,0.551,22728,0.532,31582,0.511,2.1,Two-color,Uncommon
Tyrant's Scorn,UB,U,116603,5.16,22058,6.77,90483,0.6940000000000001,0.5329999999999999,15541,0.542,25803,0.589,41344,0.5710000000000001,48695,0.499,7.2,Two-color,Uncommon
Vanishing Verse,WB,R,25985,4.34,5123,5.6,21558,0.695,0.5529999999999999,3678,0.561,5474,0.607,9152,0.588,12360,0.526,6.2,Two-color,Rare
Villainous Wealth,UBG,R,20820,3.64,6396,4.13,28862,0.7759999999999999,0.52,4610,0.47600000000000003,7951,0.579,12561,0.541,15870,0.499,4.3,Three-plus-color,Rare
Void Rend,WUB,R,34513,5.82,4703,8.59,7301,0.263,0.511,1233,0.493,2002,0.579,3235,0.547,4034,0.48100000000000004,6.6,Three-plus-color,Rare
Voidslime,UG,R,35967,6.21,4448,9.38,4583,0.174,0.501,751,0.445,1141,0.562,1892,0.515,2649,0.488,2.8,Two-color,Rare
Contagion Engine,Colorless/Other,M,6499,2.44,2472,2.6,12573,0.8640000000000001,0.524,1991,0.486,3242,0.5589999999999999,5233,0.531,7311,0.519,1.2,Colorless/Other,Mythic Rare
Grindstone,Colorless/Other,M,14203,4.84,1594,7.38,2175,0.235,0.45399999999999996,400,NA,588,0.46399999999999997,988,0.423,1184,0.48100000000000004,-5.7,Colorless/Other,Mythic Rare
Mindslaver,Colorless/Other,M,9966,3.52,2026,4.3,7316,0.628,0.51,1162,0.479,1879,0.517,3041,0.502,4262,0.516,-1.3,Colorless/Other,Mythic Rare
Unlicensed Hearse,Colorless/Other,R,18252,3.05,4295,3.7,20486,0.818,0.517,3527,0.511,5119,0.531,8646,0.523,11831,0.512,1.2,Colorless/Other,Rare
Dust Bowl,Colorless/Other,R,38100,6.57,4232,10.22,1271,0.05,0.502,210,NA,302,NA,512,0.467,756,0.525,-5.8,Colorless/Other,Rare
